<?xml version="1.0"?>
<config urldb="paloaltonetworks" version="8.1.0">
  <mgt-config>
    <users>
      <entry name="paloalto">
        <phash>$1$gnbaoyvd$yRAQM6zJSbn7WqK9Q.mi01</phash>
        <permissions>
          <role-based>
            <superuser>yes</superuser>
          </role-based>
        </permissions>
      </entry>
    </users>
    <password-complexity>
      <enabled>yes</enabled>
      <minimum-length>12</minimum-length>
      <password-history-count>24</password-history-count>
      <password-change>
        <expiration-period>90</expiration-period>
      </password-change>
      <minimum-uppercase-letters>1</minimum-uppercase-letters>
      <minimum-lowercase-letters>1</minimum-lowercase-letters>
      <minimum-numeric-letters>1</minimum-numeric-letters>
      <minimum-special-characters>1</minimum-special-characters>
      <block-username-inclusion>yes</block-username-inclusion>
      <new-password-differs-by-characters>3</new-password-differs-by-characters>
    </password-complexity>
  </mgt-config>
  <shared>
    <application/>
    <application-group/>
    <service/>
    <service-group/>
    <botnet>
      <configuration>
        <http>
          <dynamic-dns>
            <enabled>yes</enabled>
            <threshold>5</threshold>
          </dynamic-dns>
          <malware-sites>
            <enabled>yes</enabled>
            <threshold>5</threshold>
          </malware-sites>
          <recent-domains>
            <enabled>yes</enabled>
            <threshold>5</threshold>
          </recent-domains>
          <ip-domains>
            <enabled>yes</enabled>
            <threshold>10</threshold>
          </ip-domains>
          <executables-from-unknown-sites>
            <enabled>yes</enabled>
            <threshold>5</threshold>
          </executables-from-unknown-sites>
        </http>
        <other-applications>
          <irc>yes</irc>
        </other-applications>
        <unknown-applications>
          <unknown-tcp>
            <destinations-per-hour>10</destinations-per-hour>
            <sessions-per-hour>10</sessions-per-hour>
            <session-length>
              <maximum-bytes>100</maximum-bytes>
              <minimum-bytes>50</minimum-bytes>
            </session-length>
          </unknown-tcp>
          <unknown-udp>
            <destinations-per-hour>10</destinations-per-hour>
            <sessions-per-hour>10</sessions-per-hour>
            <session-length>
              <maximum-bytes>100</maximum-bytes>
              <minimum-bytes>50</minimum-bytes>
            </session-length>
          </unknown-udp>
        </unknown-applications>
      </configuration>
      <report>
        <topn>100</topn>
        <scheduled>yes</scheduled>
      </report>
    </botnet>
    <content-preview>
      <application/>
      <application-type>
        <category/>
        <technology/>
      </application-type>
    </content-preview>
  </shared>
  <devices>
    <entry name="localhost.localdomain">
      <network>
        <interface>
          <ethernet>
            <entry name="ethernet1/1">
              <layer3>
                <ipv6>
                  <neighbor-discovery>
                    <router-advertisement>
                      <enable>no</enable>
                    </router-advertisement>
                  </neighbor-discovery>
                </ipv6>
                <ndp-proxy>
                  <enabled>no</enabled>
                </ndp-proxy>
                <dhcp-client>
                  <create-default-route>no</create-default-route>
                </dhcp-client>
                <lldp>
                  <enable>no</enable>
                </lldp>
                <interface-management-profile>Health Probe</interface-management-profile>
              </layer3>
            </entry>
            <entry name="ethernet1/2">
              <layer3>
                <ipv6>
                  <neighbor-discovery>
                    <router-advertisement>
                      <enable>no</enable>
                    </router-advertisement>
                  </neighbor-discovery>
                </ipv6>
                <ndp-proxy>
                  <enabled>no</enabled>
                </ndp-proxy>
                <dhcp-client>
                  <create-default-route>no</create-default-route>
                </dhcp-client>
                <lldp>
                  <enable>no</enable>
                </lldp>
                <interface-management-profile>Health Probe</interface-management-profile>
              </layer3>
            </entry>
          </ethernet>
        </interface>
        <profiles>
          <monitor-profile>
            <entry name="default">
              <interval>3</interval>
              <threshold>5</threshold>
              <action>wait-recover</action>
            </entry>
          </monitor-profile>
          <interface-management-profile>
            <entry name="Health Probe">
              <permitted-ip>
                <entry name="168.63.129.16"/>
              </permitted-ip>
              <ssh>yes</ssh>
            </entry>
          </interface-management-profile>
        </profiles>
        <ike>
          <crypto-profiles>
            <ike-crypto-profiles>
              <entry name="default">
                <encryption>
                  <member>aes-128-cbc</member>
                  <member>3des</member>
                </encryption>
                <hash>
                  <member>sha1</member>
                </hash>
                <dh-group>
                  <member>group2</member>
                </dh-group>
                <lifetime>
                  <hours>8</hours>
                </lifetime>
              </entry>
              <entry name="Suite-B-GCM-128">
                <encryption>
                  <member>aes-128-cbc</member>
                </encryption>
                <hash>
                  <member>sha256</member>
                </hash>
                <dh-group>
                  <member>group19</member>
                </dh-group>
                <lifetime>
                  <hours>8</hours>
                </lifetime>
              </entry>
              <entry name="Suite-B-GCM-256">
                <encryption>
                  <member>aes-256-cbc</member>
                </encryption>
                <hash>
                  <member>sha384</member>
                </hash>
                <dh-group>
                  <member>group20</member>
                </dh-group>
                <lifetime>
                  <hours>8</hours>
                </lifetime>
              </entry>
            </ike-crypto-profiles>
            <ipsec-crypto-profiles>
              <entry name="default">
                <esp>
                  <encryption>
                    <member>aes-128-cbc</member>
                    <member>3des</member>
                  </encryption>
                  <authentication>
                    <member>sha1</member>
                  </authentication>
                </esp>
                <dh-group>group2</dh-group>
                <lifetime>
                  <hours>1</hours>
                </lifetime>
              </entry>
              <entry name="Suite-B-GCM-128">
                <esp>
                  <encryption>
                    <member>aes-128-gcm</member>
                  </encryption>
                  <authentication>
                    <member>none</member>
                  </authentication>
                </esp>
                <dh-group>group19</dh-group>
                <lifetime>
                  <hours>1</hours>
                </lifetime>
              </entry>
              <entry name="Suite-B-GCM-256">
                <esp>
                  <encryption>
                    <member>aes-256-gcm</member>
                  </encryption>
                  <authentication>
                    <member>none</member>
                  </authentication>
                </esp>
                <dh-group>group20</dh-group>
                <lifetime>
                  <hours>1</hours>
                </lifetime>
              </entry>
            </ipsec-crypto-profiles>
            <global-protect-app-crypto-profiles>
              <entry name="default">
                <encryption>
                  <member>aes-128-cbc</member>
                </encryption>
                <authentication>
                  <member>sha1</member>
                </authentication>
              </entry>
            </global-protect-app-crypto-profiles>
          </crypto-profiles>
        </ike>
        <qos>
          <profile>
            <entry name="default">
              <class>
                <entry name="class1">
                  <priority>real-time</priority>
                </entry>
                <entry name="class2">
                  <priority>high</priority>
                </entry>
                <entry name="class3">
                  <priority>high</priority>
                </entry>
                <entry name="class4">
                  <priority>medium</priority>
                </entry>
                <entry name="class5">
                  <priority>medium</priority>
                </entry>
                <entry name="class6">
                  <priority>low</priority>
                </entry>
                <entry name="class7">
                  <priority>low</priority>
                </entry>
                <entry name="class8">
                  <priority>low</priority>
                </entry>
              </class>
            </entry>
          </profile>
        </qos>
        <virtual-router>
          <entry name="Untrust">
            <protocol>
              <bgp>
                <enable>no</enable>
                <dampening-profile>
                  <entry name="default">
                    <cutoff>1.25</cutoff>
                    <reuse>0.5</reuse>
                    <max-hold-time>900</max-hold-time>
                    <decay-half-life-reachable>300</decay-half-life-reachable>
                    <decay-half-life-unreachable>900</decay-half-life-unreachable>
                    <enable>yes</enable>
                  </entry>
                </dampening-profile>
                <routing-options>
                  <graceful-restart>
                    <enable>yes</enable>
                  </graceful-restart>
                </routing-options>
              </bgp>
              <rip>
                <enable>no</enable>
              </rip>
              <ospf>
                <enable>no</enable>
              </ospf>
              <ospfv3>
                <enable>no</enable>
              </ospfv3>
            </protocol>
            <interface>
              <member>ethernet1/1</member>
            </interface>
            <ecmp>
              <algorithm>
                <ip-modulo/>
              </algorithm>
            </ecmp>
            <routing-table>
              <ip>
                <static-route>
                  <entry name="default">
                    <nexthop>
                      <ip-address>10.0.1.1</ip-address>
                    </nexthop>
                    <bfd>
                      <profile>None</profile>
                    </bfd>
                    <path-monitor>
                      <enable>no</enable>
                      <failure-condition>any</failure-condition>
                      <hold-time>2</hold-time>
                    </path-monitor>
                    <interface>ethernet1/1</interface>
                    <metric>10</metric>
                    <destination>0.0.0.0/0</destination>
                    <route-table>
                      <unicast/>
                    </route-table>
                  </entry>
                  <entry name="web">
                    <path-monitor>
                      <enable>no</enable>
                      <failure-condition>any</failure-condition>
                      <hold-time>2</hold-time>
                    </path-monitor>
                    <nexthop>
                      <next-vr>Trust</next-vr>
                    </nexthop>
                    <bfd>
                      <profile>None</profile>
                    </bfd>
                    <metric>10</metric>
                    <destination>10.0.3.0/24</destination>
                    <route-table>
                      <unicast/>
                    </route-table>
                  </entry>
                </static-route>
              </ip>
            </routing-table>
          </entry>
          <entry name="Trust">
            <ecmp>
              <algorithm>
                <ip-modulo/>
              </algorithm>
            </ecmp>
            <protocol>
              <bgp>
                <routing-options>
                  <graceful-restart>
                    <enable>yes</enable>
                  </graceful-restart>
                </routing-options>
                <enable>no</enable>
              </bgp>
              <rip>
                <enable>no</enable>
              </rip>
              <ospf>
                <enable>no</enable>
              </ospf>
              <ospfv3>
                <enable>no</enable>
              </ospfv3>
            </protocol>
            <interface>
              <member>ethernet1/2</member>
            </interface>
            <routing-table>
              <ip>
                <static-route>
                  <entry name="default">
                    <nexthop>
                      <next-vr>Untrust</next-vr>
                    </nexthop>
                    <bfd>
                      <profile>None</profile>
                    </bfd>
                    <path-monitor>
                      <enable>no</enable>
                      <failure-condition>any</failure-condition>
                      <hold-time>2</hold-time>
                    </path-monitor>
                    <metric>10</metric>
                    <destination>0.0.0.0/0</destination>
                    <route-table>
                      <unicast/>
                    </route-table>
                  </entry>
                  <entry name="Health Probe">
                    <nexthop>
                      <ip-address>10.0.2.1</ip-address>
                    </nexthop>
                    <bfd>
                      <profile>None</profile>
                    </bfd>
                    <path-monitor>
                      <enable>no</enable>
                      <failure-condition>any</failure-condition>
                      <hold-time>2</hold-time>
                    </path-monitor>
                    <interface>ethernet1/2</interface>
                    <metric>10</metric>
                    <destination>168.63.129.16/32</destination>
                    <route-table>
                      <unicast/>
                    </route-table>
                  </entry>
                  <entry name="Web">
                    <path-monitor>
                      <enable>no</enable>
                      <failure-condition>any</failure-condition>
                      <hold-time>2</hold-time>
                    </path-monitor>
                    <nexthop>
                      <ip-address>10.0.2.1</ip-address>
                    </nexthop>
                    <bfd>
                      <profile>None</profile>
                    </bfd>
                    <interface>ethernet1/2</interface>
                    <metric>10</metric>
                    <destination>10.0.3.0/24</destination>
                    <route-table>
                      <unicast/>
                    </route-table>
                  </entry>
                </static-route>
              </ip>
            </routing-table>
          </entry>
        </virtual-router>
      </network>
      <deviceconfig>
        <system>
          <type>
            <dhcp-client>
              <send-hostname>yes</send-hostname>
              <send-client-id>no</send-client-id>
              <accept-dhcp-hostname>no</accept-dhcp-hostname>
              <accept-dhcp-domain>no</accept-dhcp-domain>
            </dhcp-client>
          </type>
          <update-server>updates.paloaltonetworks.com</update-server>
          <update-schedule>
            <threats>
              <recurring>
                <daily>
                  <at>00:00</at>
                  <action>download-and-install</action>
                </daily>
                <threshold>24</threshold>
              </recurring>
            </threats>
            <anti-virus>
              <recurring>
                <hourly>
                  <at>15</at>
                  <action>download-and-install</action>
                </hourly>
              </recurring>
            </anti-virus>
            <wildfire>
              <recurring>
                <every-15-mins>
                  <action>download-and-install</action>
                </every-15-mins>
              </recurring>
            </wildfire>
          </update-schedule>
          <timezone>US/Pacific</timezone>
          <service>
            <disable-telnet>yes</disable-telnet>
            <disable-http>yes</disable-http>
          </service>
          <ip-address>10.0.0.5</ip-address>
          <hostname>VM-FW2</hostname>
          <netmask>255.255.255.0</netmask>
          <default-gateway>10.0.0.1</default-gateway>
          <dns-setting>
            <servers>
              <primary>8.8.8.8</primary>
              <secondary>8.8.4.4</secondary>
            </servers>
          </dns-setting>
          <server-verification>yes</server-verification>
        </system>
        <setting>
          <config>
            <rematch>yes</rematch>
          </config>
          <management>
            <hostname-type-in-syslog>FQDN</hostname-type-in-syslog>
            <initcfg>
              <hostname>VM-FW2</hostname>
              <username>paloalto</username>
              <type>
                <dhcp-client>
                  <send-hostname>yes</send-hostname>
                  <send-client-id>no</send-client-id>
                  <accept-dhcp-hostname>no</accept-dhcp-hostname>
                  <accept-dhcp-domain>no</accept-dhcp-domain>
                </dhcp-client>
              </type>
              <dns-primary>8.8.8.8</dns-primary>
              <dns-secondary>8.8.4.4</dns-secondary>
            </initcfg>
            <enable-log-high-dp-load>yes</enable-log-high-dp-load>
            <quota-settings>
              <disk-quota>
                <alarm>3</alarm>
                <appstat>4</appstat>
                <trsum>7</trsum>
                <thsum>2</thsum>
                <hipmatch>3</hipmatch>
                <dlp-logs>1</dlp-logs>
                <application-pcaps>1</application-pcaps>
                <debug-filter-pcaps>1</debug-filter-pcaps>
                <hip-reports>1</hip-reports>
                <traffic>30</traffic>
                <threat>16</threat>
                <config>4</config>
                <system>4</system>
              </disk-quota>
            </quota-settings>
            <idle-timeout>10</idle-timeout>
          </management>
        </setting>
      </deviceconfig>
      <vsys>
        <entry name="vsys1">
          <application/>
          <application-group/>
          <zone>
            <entry name="Untrust">
              <network>
                <layer3>
                  <member>ethernet1/1</member>
                </layer3>
              </network>
            </entry>
            <entry name="Trust">
              <network>
                <layer3>
                  <member>ethernet1/2</member>
                </layer3>
              </network>
            </entry>
          </zone>
          <service/>
          <service-group/>
          <schedule/>
          <rulebase>
            <security>
              <rules>
                <entry name="Allow All Out">
                  <to>
                    <member>Untrust</member>
                  </to>
                  <from>
                    <member>Trust</member>
                  </from>
                  <source>
                    <member>any</member>
                  </source>
                  <destination>
                    <member>any</member>
                  </destination>
                  <source-user>
                    <member>any</member>
                  </source-user>
                  <category>
                    <member>any</member>
                  </category>
                  <application>
                    <member>any</member>
                  </application>
                  <service>
                    <member>any</member>
                  </service>
                  <hip-profiles>
                    <member>any</member>
                  </hip-profiles>
                  <action>allow</action>
                  <profile-setting>
                    <group>
                      <member>Outbound-SGP</member>
                    </group>
                  </profile-setting>
                </entry>
              </rules>
            </security>
            <default-security-rules>
              <rules>
                <entry name="intrazone-default">
                  <action>allow</action>
                  <log-start>no</log-start>
                  <log-end>yes</log-end>
                </entry>
                <entry name="interzone-default">
                  <action>deny</action>
                  <log-start>no</log-start>
                  <log-end>yes</log-end>
                </entry>
              </rules>
            </default-security-rules>
            <nat>
              <rules>
                <entry name="Outbound Hide">
                  <source-translation>
                    <dynamic-ip-and-port>
                      <interface-address>
                        <interface>ethernet1/1</interface>
                      </interface-address>
                    </dynamic-ip-and-port>
                  </source-translation>
                  <to>
                    <member>Untrust</member>
                  </to>
                  <from>
                    <member>Trust</member>
                  </from>
                  <source>
                    <member>any</member>
                  </source>
                  <destination>
                    <member>any</member>
                  </destination>
                  <service>any</service>
                  <to-interface>any</to-interface>
                </entry>
              </rules>
            </nat>
          </rulebase>
          <import>
            <network>
              <interface>
                <member>ethernet1/1</member>
                <member>ethernet1/2</member>
              </interface>
            </network>
          </import>
          <setting>
            <ssl-decrypt>
              <allow-forward-decrypted-content>yes</allow-forward-decrypted-content>
            </ssl-decrypt>
          </setting>
          <profile-group>
            <entry name="Outbound-SGP">
              <virus>
                <member>default</member>
              </virus>
              <spyware>
                <member>default</member>
              </spyware>
              <vulnerability>
                <member>default</member>
              </vulnerability>
              <url-filtering>
                <member>default</member>
              </url-filtering>
              <file-blocking>
                <member>basic file blocking</member>
              </file-blocking>
              <wildfire-analysis>
                <member>default</member>
              </wildfire-analysis>
            </entry>
          </profile-group>
        </entry>
      </vsys>
    </entry>
  </devices>
</config>
